Workbook

Sheet README
A1: Lab 4 - Estimation Workbook (spreadsheet tool)
A2: Zainab | SP24-BSE-034 | Built on the Lab 3 backlog
A4: Blue text = cells you edit with real session data (member estimates, AI estimates, velocity inputs). Black = formulas.
A5: Step 1: each member writes their estimate BEFORE anyone speaks (use a stopwatch/timer), then fill Blind_Estimates.
A6: Step 2: get AI estimates and fill AI_Comparison. Step 3: Gaps. Step 4: Sprint_Capacity.
A7: The Member A/B/C numbers and AI numbers are sample values. Replace with your group's real written estimates.

Sheet Blind_Estimates
A1: Task 1 - Blind estimates (Fibonacci scale), then reveal
A3: ID | B3: Story | C3: Member A | D3: Member B | E3: Member C | F3: Agreed | G3: Min | H3: Max | I3: Spread | J3: All identical?
A4: US-01 | B4: Login | C4: 3 | D4: 5 | E4: 3 | F4: 3 | G4: =MIN(C4:E4) -> 3 | H4: =MAX(C4:E4) -> 5 | I4: =H4-G4 -> 2 | J4: =IF(I4=0,"YES - challenge","no") -> no
A5: US-02 | B5: Browse events | C5: 2 | D5: 3 | E5: 2 | F5: 3 | G5: =MIN(C5:E5) -> 2 | H5: =MAX(C5:E5) -> 3 | I5: =H5-G5 -> 1 | J5: =IF(I5=0,"YES - challenge","no") -> no
A6: US-03 | B6: Register for event | C6: 8 | D6: 5 | E6: 8 | F6: 8 | G6: =MIN(C6:E6) -> 5 | H6: =MAX(C6:E6) -> 8 | I6: =H6-G6 -> 3 | J6: =IF(I6=0,"YES - challenge","no") -> no
A7: US-04 | B7: Cancel registration | C7: 3 | D7: 3 | E7: 5 | F7: 3 | G7: =MIN(C7:E7) -> 3 | H7: =MAX(C7:E7) -> 5 | I7: =H7-G7 -> 2 | J7: =IF(I7=0,"YES - challenge","no") -> no
A8: US-05 | B8: Reminder before event | C8: 8 | D8: 13 | E8: 8 | F8: 8 | G8: =MIN(C8:E8) -> 8 | H8: =MAX(C8:E8) -> 13 | I8: =H8-G8 -> 5 | J8: =IF(I8=0,"YES - challenge","no") -> no
A9: US-06 | B9: Admin add event | C9: 5 | D9: 3 | E9: 5 | F9: 5 | G9: =MIN(C9:E9) -> 3 | H9: =MAX(C9:E9) -> 5 | I9: =H9-G9 -> 2 | J9: =IF(I9=0,"YES - challenge","no") -> no
A10: US-07 | B10: Admin remove event | C10: 2 | D10: 3 | E10: 3 | F10: 3 | G10: =MIN(C10:E10) -> 2 | H10: =MAX(C10:E10) -> 3 | I10: =H10-G10 -> 1 | J10: =IF(I10=0,"YES - challenge","no") -> no
A11: US-08 | B11: View my registrations | C11: 3 | D11: 2 | E11: 3 | F11: 3 | G11: =MIN(C11:E11) -> 2 | H11: =MAX(C11:E11) -> 3 | I11: =H11-G11 -> 1 | J11: =IF(I11=0,"YES - challenge","no") -> no
A12: US-11 | B12: Admin edit event | C12: 5 | D12: 5 | E12: 3 | F12: 5 | G12: =MIN(C12:E12) -> 3 | H12: =MAX(C12:E12) -> 5 | I12: =H12-G12 -> 2 | J12: =IF(I12=0,"YES - challenge","no") -> no
A13: US-12 | B13: Notify on cancellation | C13: 8 | D13: 8 | E13: 13 | F13: 8 | G13: =MIN(C13:E13) -> 8 | H13: =MAX(C13:E13) -> 13 | I13: =H13-G13 -> 5 | J13: =IF(I13=0,"YES - challenge","no") -> no
B15: Total agreed points | F15: =SUM(F4:F13) -> 49
B16: Stories with identical estimates | F16: =COUNTIF(J4:J13,"YES*") -> 0
B17: Largest spread | F17: =MAX(I4:I13) -> 5
B19: Timestamp / witness of blind round: | C19: (write date, time and witness name here)

Sheet AI_Comparison
A1: Task 2 - AI as a fourth voice, with assumption audit
A3: ID | B3: Story | C3: Team | D3: AI | E3: Diff (team - AI) | F3: Abs diff | G3: AI justification | H3: Audit verdict | I3: Reason for verdict
A4: US-01 | B4: Login | C4: =INDEX(Blind_Estimates!$F$4:$F$13,MATCH(A4,Blind_Estimates!$A$4:$A$13,0)) -> 3 | D4: 3 | E4: =C4-D4 -> 0 | F4: =ABS(E4) -> 0 | G4: Standard auth flow | H4: Assumed | I4: Auth method not in backlog
A5: US-02 | B5: Browse events | C5: =INDEX(Blind_Estimates!$F$4:$F$13,MATCH(A5,Blind_Estimates!$A$4:$A$13,0)) -> 3 | D5: 2 | E5: =C5-D5 -> 1 | F5: =ABS(E5) -> 1 | G5: Read-only list | H5: Knowable | I5: Browsing is read-only in the story
A6: US-03 | B6: Register for event | C6: =INDEX(Blind_Estimates!$F$4:$F$13,MATCH(A6,Blind_Estimates!$A$4:$A$13,0)) -> 8 | D6: 5 | E6: =C6-D6 -> 3 | F6: =ABS(E6) -> 3 | G6: Concurrency on last seat | H6: Assumed | I6: Story does not mention seat limits
A7: US-04 | B7: Cancel registration | C7: =INDEX(Blind_Estimates!$F$4:$F$13,MATCH(A7,Blind_Estimates!$A$4:$A$13,0)) -> 3 | D7: 3 | E7: =C7-D7 -> 0 | F7: =ABS(E7) -> 0 | G7: Reverse of register, frees spot | H7: Knowable | I7: Stated in the story
A8: US-05 | B8: Reminder before event | C8: =INDEX(Blind_Estimates!$F$4:$F$13,MATCH(A8,Blind_Estimates!$A$4:$A$13,0)) -> 8 | D8: 5 | E8: =C8-D8 -> 3 | F8: =ABS(E8) -> 3 | G8: Scheduled email job | H8: Assumed | I8: Channel and scheduler not specified
A9: US-06 | B9: Admin add event | C9: =INDEX(Blind_Estimates!$F$4:$F$13,MATCH(A9,Blind_Estimates!$A$4:$A$13,0)) -> 5 | D9: 3 | E9: =C9-D9 -> 2 | F9: =ABS(E9) -> 2 | G9: Simple CRUD form | H9: Assumed | I9: Assumes an admin UI already exists
A10: US-07 | B10: Admin remove event | C10: =INDEX(Blind_Estimates!$F$4:$F$13,MATCH(A10,Blind_Estimates!$A$4:$A$13,0)) -> 3 | D10: 2 | E10: =C10-D10 -> 1 | F10: =ABS(E10) -> 1 | G10: Delete a record | H10: Assumed | I10: Ignores existing registrations
A11: US-08 | B11: View my registrations | C11: =INDEX(Blind_Estimates!$F$4:$F$13,MATCH(A11,Blind_Estimates!$A$4:$A$13,0)) -> 3 | D11: 2 | E11: =C11-D11 -> 1 | F11: =ABS(E11) -> 1 | G11: Query and list | H11: Knowable | I11: Read-only list in the story
A12: US-11 | B12: Admin edit event | C12: =INDEX(Blind_Estimates!$F$4:$F$13,MATCH(A12,Blind_Estimates!$A$4:$A$13,0)) -> 5 | D12: 3 | E12: =C12-D12 -> 2 | F12: =ABS(E12) -> 2 | G12: Reuse the add form | H12: Assumed | I12: Form reuse is not in the backlog
A13: US-12 | B13: Notify on cancellation | C13: =INDEX(Blind_Estimates!$F$4:$F$13,MATCH(A13,Blind_Estimates!$A$4:$A$13,0)) -> 8 | D13: 3 | E13: =C13-D13 -> 5 | F13: =ABS(E13) -> 5 | G13: Trigger existing notification | H13: Assumed | I13: Assumes reminders already built
B15: Totals | C15: =SUM(C4:C13) -> 49 | D15: =SUM(D4:D13) -> 31
B16: Audit: Knowable count | C16: =COUNTIF(H4:H13,"Knowable") -> 3
B17: Audit: Assumed count | C17: =COUNTIF(H4:H13,"Assumed") -> 7

Sheet Gaps
A1: Task 3 - Three biggest team-vs-AI gaps (concrete local knowledge)
A3: Rank | B3: Story | C3: Gap (abs diff) | D3: What the team knows that the model does not
A4: 1 | B4: US-12 | C4: =INDEX(AI_Comparison!$F$4:$F$13,MATCH(B4,AI_Comparison!$A$4:$A$13,0)) -> 5 | D4: The AI cannot know our reminder module is only designed, with no cancellation hook and no decision on email vs phone contact. Building that delivery path is most of this story.
A5: 2 | B5: US-03 | C5: =INDEX(AI_Comparison!$F$4:$F$13,MATCH(B5,AI_Comparison!$A$4:$A$13,0)) -> 3 | D5: The AI cannot know our event-capacity schema is not finalised, and that none of us has handled two students racing for the last seat in our chosen database.
A6: 3 | B6: US-05 | C6: =INDEX(AI_Comparison!$F$4:$F$13,MATCH(B6,AI_Comparison!$A$4:$A$13,0)) -> 3 | D6: The AI cannot know we have not picked a job scheduler or email provider, and that our university mail domain may rate-limit bulk mail.

Sheet Sprint_Capacity
A1: Task 4 - Sprint capacity and confidence
A3: Inputs (blue = edit)
A4: Team members | B4: 3
A5: Working days in sprint | B5: 10
A6: Focused hours per person per day | B6: 3
A7: Hours per story point | B7: 4
A8: Chosen velocity (points per sprint) | B8: 20 | C8: Assumption: new team, unfamiliar codebase, so rounded below the 22.5 computed from hours.
A9: Available hours | B9: =B4*B5*B6 -> 90
A10: Capacity from hours (points) | B10: =B9/B7 -> 22.5
A11: Velocity used (rounded down for buffer) | B11: =B8 -> 20
A13: Order | B13: ID | C13: Story | D13: Points | E13: Cumulative | F13: Fits in Sprint 1?
A14: 1 | B14: US-01 | C14: Login | D14: =INDEX(Blind_Estimates!$F$4:$F$13,MATCH(B14,Blind_Estimates!$A$4:$A$13,0)) -> 3 | E14: =SUM($D$14:D14) -> 3 | F14: =IF(E14<=$B$11,"Sprint 1","Later") -> Sprint 1
A15: 2 | B15: US-02 | C15: Browse events | D15: =INDEX(Blind_Estimates!$F$4:$F$13,MATCH(B15,Blind_Estimates!$A$4:$A$13,0)) -> 3 | E15: =SUM($D$14:D15) -> 6 | F15: =IF(E15<=$B$11,"Sprint 1","Later") -> Sprint 1
A16: 3 | B16: US-06 | C16: Admin add event | D16: =INDEX(Blind_Estimates!$F$4:$F$13,MATCH(B16,Blind_Estimates!$A$4:$A$13,0)) -> 5 | E16: =SUM($D$14:D16) -> 11 | F16: =IF(E16<=$B$11,"Sprint 1","Later") -> Sprint 1
A17: 4 | B17: US-03 | C17: Register for event | D17: =INDEX(Blind_Estimates!$F$4:$F$13,MATCH(B17,Blind_Estimates!$A$4:$A$13,0)) -> 8 | E17: =SUM($D$14:D17) -> 19 | F17: =IF(E17<=$B$11,"Sprint 1","Later") -> Sprint 1
A18: 5 | B18: US-04 | C18: Cancel registration | D18: =INDEX(Blind_Estimates!$F$4:$F$13,MATCH(B18,Blind_Estimates!$A$4:$A$13,0)) -> 3 | E18: =SUM($D$14:D18) -> 22 | F18: =IF(E18<=$B$11,"Sprint 1","Later") -> Later
A19: 6 | B19: US-05 | C19: Reminder before event | D19: =INDEX(Blind_Estimates!$F$4:$F$13,MATCH(B19,Blind_Estimates!$A$4:$A$13,0)) -> 8 | E19: =SUM($D$14:D19) -> 30 | F19: =IF(E19<=$B$11,"Sprint 1","Later") -> Later
A20: 7 | B20: US-07 | C20: Admin remove event | D20: =INDEX(Blind_Estimates!$F$4:$F$13,MATCH(B20,Blind_Estimates!$A$4:$A$13,0)) -> 3 | E20: =SUM($D$14:D20) -> 33 | F20: =IF(E20<=$B$11,"Sprint 1","Later") -> Later
A21: 8 | B21: US-08 | C21: View my registrations | D21: =INDEX(Blind_Estimates!$F$4:$F$13,MATCH(B21,Blind_Estimates!$A$4:$A$13,0)) -> 3 | E21: =SUM($D$14:D21) -> 36 | F21: =IF(E21<=$B$11,"Sprint 1","Later") -> Later
A22: 9 | B22: US-11 | C22: Admin edit event | D22: =INDEX(Blind_Estimates!$F$4:$F$13,MATCH(B22,Blind_Estimates!$A$4:$A$13,0)) -> 5 | E22: =SUM($D$14:D22) -> 41 | F22: =IF(E22<=$B$11,"Sprint 1","Later") -> Later
A23: 10 | B23: US-12 | C23: Notify on cancellation | D23: =INDEX(Blind_Estimates!$F$4:$F$13,MATCH(B23,Blind_Estimates!$A$4:$A$13,0)) -> 8 | E23: =SUM($D$14:D23) -> 49 | F23: =IF(E23<=$B$11,"Sprint 1","Later") -> Later
A25: Points committed to Sprint 1 | B25: =SUMIF(F14:F23,"Sprint 1",D14:D23) -> 19
A26: Spare capacity | B26: =B11-B25 -> 1
A27: Total backlog points | B27: =SUM(D14:D23) -> 49
A28: Sprints needed (rounded up) | B28: =ROUNDUP(B27/B11,0) -> 3
A30: Confidence
A31: I expect to be wrong by about 30 percent (real velocity 14 to 26 points). At the end of the sprint I will measure points actually completed against the points committed, plus real hours spent on US-03.
